카테고리,항목명,브랜드,등급,단위,단가(원)
"가구 > 붙박이가구","PET E0 스탠다드","-","일반","M","370000"
"가구 > 붙박이가구","거실 붙박이장 PET E0 스탠다드 PUR","-","일반","자당","165000"
"가구 > 붙박이가구","도어교체 PUR SE0","-","중급","EA","80000"
"가구 > 붙박이가구","신발장 PET E0 스탠다드 EVA(내부포함)","-","일반","자당","147400"
"가구 > 붙박이가구","안방 붙박이장 PET E0 스탠다드 EVA","-","일반","자당","165000"
"가구 > 붙박이가구","침실1 붙박이장 PET E0 스탠다드 EVA","-","일반","자당","155000"
"가구 > 붙박이가구","화장대 PET SE0 스탠다드","-","일반","M","552000"
"기타 > 보일러","하니웰 DT300R 단독(지역난방용) 온도조절기","-","일반","개","65000"
"기타 > 부자재","내수성탄성접착제 케라플렉스2","-","일반","개","32450"
"기타 > 부자재","일액형폴리싱타일접착본드 D30","-","일반","개","39380"
"기타 > 부자재","자동수평몰탈 SL15","-","일반","개","13970"
"기타 > 부자재","자동수평몰탈프라이머","-","일반","개","69410"
"기타 > 부자재","초강력몰탈접착제 바로텍6000","-","일반","개","31900"
"기타 > 부자재","초급결지수제 플래니씰플러그CX1","-","일반","개","15070"
"기타 > 부자재","초속경그라우트몰탈 마페그라우트SV11K","-","일반","개","34760"
"기타 > 부자재","초속경몰탈 그라우트QP600","-","일반","개","16830"
"기타 > 부자재","초속경보수몰탈 플래니탑CD1","-","일반","개","40590"
"기타 > 부자재","초속경자동수평몰탈 울트라플랜","-","일반","개","25410"
"기타 > 부자재","침투식수성발수제 씰리텍9000","-","일반","개","44550"
"기타 > 부자재","황토몰탈","-","일반","개","9020"
"기타","루씨에어 레이더3","-","일반","EA","550000"
"도배 > 부자재","도배 부자재","-","일반","㎡","3800"
"도배 > 실크","[비방염] 디아망 (그레이톤)","LX지인","고급","롤","85000"
"도배 > 실크","[비방염] 디아망 (기타톤)","LX지인","고급","롤","39000"
"도배 > 실크","[비방염] 디아망 (아이보리/베이지톤)","LX지인","고급","롤","85000"
"도배 > 실크","[비방염] 디아망 (화이트톤)","LX지인","중급","롤","65000"
"도배 > 실크","[비방염] 디아망 포티스 (그레이톤)","LX지인","고급","롤","34000"
"도배 > 실크","[비방염] 디아망 포티스 (기타톤)","LX지인","고급","롤","34000"
"도배 > 실크","[비방염] 디아망 포티스 (화이트톤)","LX지인","고급","롤","65000"
"도배 > 실크","[비방염] 로하스+ (그레이톤)","개나리","고급","롤","37000"
"도배 > 실크","[비방염] 로하스+ (기타톤)","개나리","고급","롤","37000"
"도배 > 실크","[비방염] 로하스+ (아이보리/베이지톤)","개나리","고급","롤","37000"
"도배 > 실크","[비방염] 로하스+ (화이트톤)","개나리","고급","롤","37000"
"도배 > 실크","[비방염] 베스띠 (그레이톤)","LX지인","고급","롤","32000"
"도배 > 실크","[비방염] 베스띠 (기타톤)","LX지인","고급","롤","32000"
"도배 > 실크","[비방염] 베스띠 (아이보리/베이지톤)","LX지인","고급","롤","39000"
"도배 > 실크","[비방염] 베스띠 (화이트톤)","LX지인","일반","롤","39000"
"도배 > 실크","[비방염] 스케치 (그레이톤)","신한","고급","롤","32000"
"도배 > 실크","[비방염] 스케치 (기타톤)","신한","고급","롤","37000"
"도배 > 실크","[비방염] 스케치 (아이보리/베이지톤)","신한","고급","롤","32000"
"도배 > 실크","[비방염] 스케치 (화이트톤)","신한","고급","롤","32000"
"도배 > 실크","[비방염] 아트북 (그레이톤)","개나리","고급","롤","32000"
"도배 > 실크","[비방염] 아트북 (기타톤)","개나리","고급","롤","32000"
"도배 > 실크","[비방염] 아트북 (아이보리/베이지톤)","개나리","고급","롤","32000"
"도배 > 실크","[비방염] 아트북 (화이트톤)","개나리","고급","롤","32000"
"도배 > 실크","[비방염] 큐피트 (그레이톤)","판매가","고급","롤","34000"
"도배 > 실크","[비방염] 큐피트 (기타톤)","판매가","고급","롤","34000"
"도배 > 실크","[비방염] 큐피트 (아이보리/베이지톤)","판매가","고급","롤","34000"
"도배 > 실크","[비방염] 큐피트 (화이트톤)","판매가","중급","개","20000"
"도배 > 실크","[비방염] 테라피 (그레이톤)","LX지인","고급","롤","39000"
"도배 > 실크","[비방염] 테라피 (기타톤)","LX지인","고급","롤","39000"
"도배 > 실크","[비방염] 테라피 (아이보리/베이지톤)","LX지인","고급","롤","39000"
"도배 > 실크","[비방염] 테라피 (화이트톤)","LX지인","고급","롤","34000"
"도배 > 실크","실크벽지 클레이화이트 87456-7","개나리","일반","롤","36900"
"도배 > 합지","[비방염] 휘앙세 93_5평 (그레이톤)","LX지인","중급","롤","19000"
"도배 > 합지","[비방염] 휘앙세 93_5평 (기타톤)","LX지인","중급","롤","19000"
"도배 > 합지","[비방염] 휘앙세 93_5평 (아이보리/베이지톤)","LX지인","중급","롤","19000"
"도배 > 합지","[비방염] 휘앙세 93_5평 (화이트톤)","LX지인","중급","롤","19000"
"도어 > 도어","더도어 TA-04 민자","-","일반","개","97350"
"도어 > 도어","영림도어 기본 민자","-","일반","개","183200"
"도어 > 도어","예림 ABS이지도어 EZ 05","-","중급","개","118800"
"도어 > 도어","예림 ABS이지도어 EZ 100","-","중급","개","118800"
"도어 > 도어","예림 ABS이지도어 EZ 200","-","중급","개","118800"
"도어 > 도어","예림 ABS이지도어 EZ 501","-","중급","개","118800"
"도어 > 도어","예림 ABS이지도어 EZ 502","-","중급","개","118800"
"도어 > 도어","예림 ABS이지도어 도브","-","중급","개","118800"
"도어 > 도어","예림 ABS이지도어 라이너","-","중급","개","118800"
"도어 > 도어","예림 ABS이지도어 버티컬","-","중급","개","118800"
"도어 > 도어","예림 ABS이지도어 베니스","-","중급","개","118800"
"도어 > 도어","예림 ABS이지도어 알리","-","중급","개","118800"
"도어 > 도어","예림 ABS이지도어 원톤","-","중급","개","118800"
"도어 > 도어","예림 ABS이지도어 체커","-","중급","개","118800"
"도어 > 도어","예림 ABS이지도어 코트","-","중급","개","118800"
"도어 > 도어","예림 ABS이지도어 콜럼","-","중급","개","118800"
"도어 > 도어","예림 ABS이지도어 클라스","-","중급","개","118800"
"도어 > 도어","예림 ABS이지도어 팔라인","-","중급","개","118800"
"도어 > 도어문틀","영림 110바 (110mm) 식기O","-","일반","M","93610"
"도어 > 도어문틀","영림 110바 (110mm) 식기X","-","일반","M","86130"
"도어 > 도어문틀","영림 130바 (130mm) 식기O","-","중급","M","123200"
"도어 > 도어문틀","영림 130바 (130mm) 식기X","-","중급","M","111100"
"도어 > 도어문틀","영림 140바 (140mm) 식기O","-","중급","M","130900"
"도어 > 도어문틀","영림 140바 문틀 (140mm) 식기X","-","일반","M","199900"
"도어 > 도어문틀","영림 155바 (155mm) 식기O","-","중급","M","132000"
"도어 > 도어문틀","영림 155바 (155mm) 식기X","-","중급","M","123200"
"도어 > 도어문틀","영림 175바 (175mm) 식기O","-","중급","M","147400"
"도어 > 도어문틀","영림 175바 (175mm) 식기X","-","중급","M","130900"
"도어 > 도어문틀","영림 195바 (195mm) 식기O","-","중급","M","156200"
"도어 > 도어문틀","영림 195바 (195mm) 식기X","-","중급","M","144100"
"도어 > 도어문틀","영림 210바 (210mm) 식기O","-","중급","M","162800"
"도어 > 도어문틀","영림 210바 (210mm) 식기X","-","중급","M","149600"
"도어 > 도어문틀","영림 230바 (230mm) 식기O","-","중급","M","187000"
"도어 > 도어문틀","영림 230바 (230mm) 식기X","-","중급","M","174900"
"도어 > 도어문틀","영림 245바 (245mm) 식기O","-","중급","M","200200"
"도어 > 도어문틀","영림 245바 (245mm) 식기X","-","중급","M","187000"
"도어 > 도어문틀","예림 발포문틀 110바 식기O","-","중급","개","107250"
"도어 > 도어문틀","예림 발포문틀 110바 식기X","-","일반","개","99770"
"도어 > 도어문틀","예림 발포문틀 130바 식기O","-","중급","개","116600"
"도어 > 도어문틀","예림 발포문틀 130바 식기X","-","중급","개","108570"
"도어 > 도어문틀","예림 발포문틀 140바 식기O","-","중급","개","119900"
"도어 > 도어문틀","예림 발포문틀 140바 식기X","-","중급","개","112200"
"도어 > 도어문틀","예림 발포문틀 155바 식기O","-","중급","개","128700"
"도어 > 도어문틀","예림 발포문틀 155바 식기X","-","중급","개","118800"
"도어 > 도어문틀","예림 발포문틀 175바 식기O","-","중급","개","137500"
"도어 > 도어문틀","예림 발포문틀 175바 식기X","-","중급","개","127600"
"도어 > 도어문틀","예림 발포문틀 195바 식기O","-","중급","개","144100"
"도어 > 도어문틀","예림 발포문틀 195바 식기X","-","중급","개","136400"
"도어 > 도어문틀","예림 발포문틀 210바 식기O","-","중급","개","151800"
"도어 > 도어문틀","예림 발포문틀 210바 식기X","-","중급","개","143000"
"도어 > 도어문틀","예림 발포문틀 230바 식기O","-","중급","개","160600"
"도어 > 도어문틀","예림 발포문틀 230바 식기X","-","중급","개","150700"
"도어 > 도어문틀","예림 발포문틀 245바 식기O","-","중급","개","169400"
"도어 > 도어문틀","예림 발포문틀 245바 식기X","-","중급","개","157300"
"도어 > 도어부자재","이지경첩블랙","-","일반","개","6050"
"도어 > 도어부자재","이지경첩 실버/니켈","-","일반","개","3800"
"도어 > 도어부자재","일반경첩실버/니켈","-","일반","개","6050"
"도어 > 도어부자재","히든경첩실버/니켈","-","일반","개","36300"
"도어 > 도어손잡이","도무스512NI","-","일반","개","44770"
"도어 > 도어손잡이","도무스711NI","-","일반","개","42350"
"도어 > 도어손잡이","도무스782NI","-","일반","개","78650"
"도어 > 도어손잡이","도무스905SS","-","일반","개","30030"
"도어 > 도어손잡이","도무스905WT","-","일반","개","31460"
"도어 > 도어손잡이","도무스고구찌93NI","-","일반","개","6050"
"도어 > 도어손잡이","영림DND인피니토파워사틴크롬모티스락","-","고급","개","389400"
"도어 > 도어손잡이","영림YDH-017S","-","일반","개","33880"
"도어 > 도어손잡이","영림YDH-023S실버","-","일반","개","19250"
"도어 > 도어손잡이","영림YDH-028S","-","일반","개","53020"
"도어 > 도어손잡이","영림YDHS-037S모티스락","-","일반","개","79860"
"도어 > 도어손잡이","영림슬라이딩도어락03실버동전타입","-","일반","개","74800"
"도어 > 도어손잡이","영림슬라이딩도어락03실버키타입","-","일반","개","74800"
"도어 > 도어손잡이","예림YDL-4000블랙","-","일반","개","16280"
"도어 > 도어손잡이","예림YDL-4000실버","-","일반","개","16280"
"도어 > 도어손잡이","예림YDL-400실버","-","일반","개","20020"
"도어 > 도어손잡이","예림YDL-511데드락/실버","-","일반","개","37400"
"도어 > 도어손잡이","예림YDL-605실버","-","일반","개","59290"
"도어 > 도어손잡이","예림YDL-805아이보리","-","일반","개","20020"
"도어 > 도어손잡이","예림YDL-852T실버","-","일반","개","78540"
"목공 > 기타목자재","예림 루바 240","-","일반","개","11220"
"목공 > 기타목자재","예림 루바 400","-","일반","개","18370"
"목공 > 단열재","E-보드","판매가","일반","개","14300"
"목공 > 단열재","아이소핑크 30T (900×1800×30)","-","일반","매","9000"
"목공 > 몰딩","마이너스 몰딩","영림","일반","EA","3010"
"목공 > 몰딩","에디톤 걸레받이","-","일반","개","5500"
"목공 > 몰딩","영림 평몰딩 기본","-","일반","EA","8500"
"목공 > 몰딩","예림 걸레받이 90평 9전","-","일반","개","4510"
"목공 > 몰딩","예림 평몰딩 100평 10전","-","일반","개","5060"
"목공 > 몰딩","예림 평몰딩 120평 12전","-","일반","개","5720"
"목공 > 몰딩","예림 평몰딩 160평 16전","-","일반","개","7040"
"목공 > 몰딩","예림 평몰딩 200평 20전","-","일반","개","7700"
"목공 > 몰딩","예림 평몰딩 250평 25전","-","일반","개","10450"
"목공 > 몰딩","예림 평몰딩 300평 30전","-","일반","개","11660"
"목공 > 몰딩","예림 평몰딩 30평 3전","-","일반","개","7640"
"목공 > 몰딩","예림 평몰딩 400평 40전","-","일반","개","15290"
"목공 > 몰딩","예림 평몰딩 40평 4전","-","일반","개","2860"
"목공 > 몰딩","예림 평몰딩 600평 60전","-","일반","개","22990"
"목공 > 몰딩","예림 평몰딩 60평 6전","-","일반","개","3190"
"목공 > 몰딩","예림 평몰딩 80평 8전","-","일반","개","4070"
"목공 > 몰딩","예림 평문선몰딩 60평 6전","-","일반","개","3850"
"목공 > 몰딩","평몰딩 40x9","영림","일반","EA","2610"
"목공 > 부자재","205 본드 (800G)","오공","일반","개","2500"
"목공 > 부자재","목공본드 800g","-","일반","개","2090"
"목공 > 부자재","알루미늄 점검구 실버 300x300","-","일반","개","8600"
"목공 > 부자재","알루미늄 점검구 실버 400x400","-","일반","개","9100"
"목공 > 부자재","알루미늄 점검구 실버 450x450","-","일반","개","10000"
"목공 > 부자재","우레탄 폼","월드","일반","EA","4080"
"목공 > 부자재","우레탄폼-G (건폼)","-","일반","개","4500"
"목공 > 부자재","이지본드 건용","-","일반","개","7590"
"목공 > 부자재","타카핀 (일반)","영우화스너","일반","개","3400"
"목공 > 부자재","타카핀 기본(CT64/422 평균)","-","일반","BOX","6500"
"목자재 > 목자재 전체","MDF 12T","-","일반","매","17000"
"목자재 > 목자재 전체","MDF 15T","-","일반","M","17710"
"목자재 > 목자재 전체","MDF 18T","-","일반","매","25500"
"목자재 > 목자재 전체","MDF 6T","-","일반","M","8690"
"목자재 > 목자재 전체","MDF 9T","-","일반","매","12000"
"목자재 > 목자재 전체","MDF(고밀도) 12T","-","일반","매","21500"
"목자재 > 목자재 전체","MDF(고밀도) 15T","-","일반","M","22440"
"목자재 > 목자재 전체","MDF(고밀도) 18T","-","일반","M","26620"
"목자재 > 목자재 전체","MDF(고밀도) 3T","-","일반","M","4840"
"목자재 > 목자재 전체","MDF(고밀도) 4.5T","-","일반","M","7480"
"목자재 > 목자재 전체","MDF(고밀도) 9T","-","일반","매","17800"
"목자재 > 목자재 전체","건조소송다루끼(12자)","-","일반","개","27170"
"목자재 > 목자재 전체","건조소송다루끼(8자)","-","일반","개","19690"
"목자재 > 목자재 전체","건조소송투바이","-","일반","개","31790"
"목자재 > 목자재 전체","고밀도 MDF","판매가","일반","M","5100"
"목자재 > 목자재 전체","낙엽송합판(엠보) 11.5T","-","일반","개","37180"
"목자재 > 목자재 전체","낙엽송합판(엠보) 7.5T","-","일반","개","29700"
"목자재 > 목자재 전체","내수(방수)합판 12T","-","일반","개","27170"
"목자재 > 목자재 전체","미송합판(유절) 12T","-","일반","개","34100"
"목자재 > 목자재 전체","미송합판(유절) 15T","-","일반","개","43780"
"목자재 > 목자재 전체","미송합판(유절) 18T","-","일반","개","50710"
"목자재 > 목자재 전체","미송합판(유절) 4.8T","-","일반","개","16500"
"목자재 > 목자재 전체","미송합판(유절) 8.5T","-","일반","개","25850"
"목자재 > 목자재 전체","방수 석고보드","자이","일반","장","6580"
"목자재 > 목자재 전체","방수석고 12.5T","-","일반","개","10120"
"목자재 > 목자재 전체","방수석고 9.5T","-","일반","개","7260"
"목자재 > 목자재 전체","방화석고 12.5T","-","일반","개","7700"
"목자재 > 목자재 전체","소송 투바이","판매가","일반","개","29920"
"목자재 > 목자재 전체","요꼬(오징어)합판 4T (4×8×4T)","-","일반","매","18500"
"목자재 > 목자재 전체","요꼬합판","판매가","일반","개","17230"
"목자재 > 목자재 전체","일반 석고보드","자이","일반","장","4080"
"목자재 > 목자재 전체","일반석고 12.5T","-","일반","개","6050"
"목자재 > 목자재 전체","일반석고 9.5T","-","일반","개","4180"
"목자재 > 목자재 전체","일반합판 BB/CC","판매가","일반","개","4080"
"목자재 > 목자재 전체","일반합판(MLH) 11.5T","-","일반","M","26840"
"목자재 > 목자재 전체","일반합판(MLH) 14.5T","-","일반","M","33770"
"목자재 > 목자재 전체","일반합판(MLH) 17.5T","-","일반","M","43120"
"목자재 > 목자재 전체","일반합판(MLH) 8.5T","-","일반","M","21120"
"목자재 > 목자재 전체","일반합판(상급) 2.7T","-","일반","개","8030"
"목자재 > 목자재 전체","일반합판(상급) 4.6T","-","일반","개","13860"
"목자재 > 목자재 전체","일반합판(알비자) 11.5T","-","일반","개","18920"
"목자재 > 목자재 전체","일반합판(알비자) 4.6T","-","일반","개","8800"
"목자재 > 목자재 전체","일반합판(알비자) 8.5T","-","일반","개","14850"
"목자재 > 목자재 전체","자작합판(S/BB) 12T","-","일반","개","61270"
"목자재 > 목자재 전체","자작합판(S/BB) 15T","-","일반","개","72160"
"목자재 > 목자재 전체","자작합판(S/BB) 18T","-","일반","개","83160"
"목자재 > 목자재 전체","자작합판(S/BB) 4T","-","일반","개","31790"
"목자재 > 목자재 전체","자작합판(S/BB) 6T","-","일반","개","38390"
"목자재 > 목자재 전체","자작합판(S/BB) 9T","-","일반","개","49280"
"목자재 > 목자재 전체","중밀도 MDF","판매가","일반","M","47250"
"목자재 > 목자재 전체","차음석고 12.5T","-","일반","개","6930"
"목자재 > 목자재 전체","코아합판(라왕) 18T (4×8×18T)","-","일반","매","39000"
"목자재 > 목자재 전체","코아합판(알비자)","판매가","일반","개","26720"
"목자재 > 목자재 전체","태고합판 12T","-","일반","개","25410"
"목자재 > 전체","목자재 운송비","-","일반","회","80000"
"목자재","시그니월 1200 SE0 일반","-","일반","M","280000"
"바닥 > SPC마루","에디톤","LX지인","고급","평","135000"
"바닥 > SPC마루","에디톤 스톤","LX지인","고급","평","135000"
"바닥 > 강마루","SB마루 스톤390","한솔","중급","평","98230"
"바닥 > 강마루","구정마루 SE0","구정","고급","평","125000"
"바닥 > 강마루","그랜드 텍스쳐 165","구정","고급","평","150000"
"바닥 > 강마루","나투스 진 그란데","동화","중급","평","145330"
"바닥 > 강마루","로카","올고다","중급","평","96000"
"바닥 > 강마루","로카 프리미엄","올고다","고급","평","108000"
"바닥 > 강마루","로카 프리미엄 2단 시공","올고다","고급","평","145000"
"바닥 > 강마루","마뷸러스 리브","구정","고급","평","130000"
"바닥 > 강마루","마뷸러스 젠","구정","고급","평","145000"
"바닥 > 강마루","모네 로키","풍산","고급","평","115000"
"바닥 > 강마루","블랙라벨","노바","고급","평","111000"
"바닥 > 강마루","진 그란데 스퀘어 정각 650","동화","고급","평","125000"
"바닥 > 강마루","진 테라","동화","고급","평","100430"
"바닥 > 데코타일","LVT 프라임1500 스퀘어 600","NOX","일반","평","40000"
"바닥 > 데코타일","보타닉 사각 450각","LX지인","일반","평","38000"
"바닥 > 데코타일","에코노플러스 600각","LX지인","중급","평","50600"
"바닥 > 데코타일","하우스 스톤","LX지인","중급","평","56000"
"바닥 > 마루","에디톤 600각","-","일반","평","155000"
"바닥 > 모노륨 장판","뉴청맥","LX지인","일반","평","23000"
"바닥 > 모노륨 장판","숲 도담 3.2","KCC","중급","평","98000"
"바닥 > 모노륨 장판","엑스컴포트","LX지인","중급","평","98000"
"바닥 > 모노륨 장판","지아사랑애 3.2","LX지인","중급","평","67000"
"바닥 > 모노륨 장판","지아자연애","LX지인","일반","평","41000"
"바닥 > 수평몰탈","쌍곰자동수평몰탈프라이머 18L","-","일반","㎡","58000"
"바닥 > 수평몰탈","자동 수평 몰탈 25kg","-","일반","EA","19000"
"바닥 > 원목마루","텐우드","디앤메종","고급","평","147000"
"바닥 > 장판","LX하우시스 장판 지아사랑애 2.7T OAK","LX하우시스","일반","롤","902000"
"바닥 > 장판","장판 부자재(본드/기타)","-","일반","㎡","3550"
"보일러 > 온도조절기","하니웰 온도조절기 DT300DL","-","일반","개","75000"
"샷시 > 부자재","통바","KCC","일반","자평","4352"
"샷시 > 일반","KCC UBF225 내창+공틀","KCC","일반","자평","9400"
"샷시 > 일반","KCC VBF140 비확장","KCC","일반","자평","11800"
"샷시 > 일반","KCC VBF230 이중창 안방","KCC","일반","자평","17100"
"샷시 > 일반","KCC VBF242 확장","KCC","일반","자평","21300"
"샷시 > 일반","KCC 발코니 3창 135 낮은창","KCC","일반","자평","37936"
"샷시 > 일반","KCC 발코니 3창 135 높은창","KCC","일반","자평","22121"
"샷시 > 일반","KCC 발코니 이중창 250 (1:2:1) 대형","KCC","일반","자평","32507"
"샷시 > 일반","KCC 발코니 이중창 250 (1:2:1) 중형","KCC","일반","자평","38796"
"샷시 > 일반","KCC 일반 이중창 232 (1:2:1) 중형","KCC","일반","자평","27953"
"샷시 > 일반","KCC 통바픽스창","KCC","일반","자평","9700"
"샷시 > 일반","공틀창","KCC","일반","자평","19561"
"샷시 > 일반","사다리차","-","일반","시간","150000"
"샷시 > 일반","샷시 실리콘","-","일반","품","250000"
"샷시 > 일반","샷시 철거","-","일반","창","50000"
"샷시 > 창호","[대리점 제작창] KCC 20평형 비확장 풀세트","KCC","고급","세트","10020000"
"샷시 > 창호","[대리점 제작창] KCC 20평형 확장 풀세트","KCC","고급","세트","9818695"
"샷시 > 창호","[대리점 제작창] KCC 30평형 비확장 풀세트","KCC","고급","세트","9211500"
"샷시 > 창호","[대리점 제작창] KCC 30평형 확장 풀세트","KCC","고급","세트","9510000"
"샷시 > 창호","[대리점 제작창] KCC 40평형 비확장 풀세트","KCC","고급","세트","9942199"
"샷시 > 창호","[대리점 제작창] KCC 40평형 확장 풀세트","KCC","고급","세트","12354642"
"샷시 > 창호","[대리점 제작창] LX지인 20평형 비확장 풀세트","LX지인","고급","세트","9538000"
"샷시 > 창호","[대리점 제작창] LX지인 20평형 확장 풀세트","LX지인","고급","세트","10410000"
"샷시 > 창호","[대리점 제작창] LX지인 30평형 비확장 풀세트","LX지인","고급","세트","10063000"
"샷시 > 창호","[대리점 제작창] LX지인 30평형 확장 풀세트","LX지인","고급","세트","10410000"
"샷시 > 창호","[대리점 제작창] LX지인 40평형 비확장 풀세트","LX지인","고급","세트","10916000"
"샷시 > 창호","[대리점 제작창] LX지인 40평형 확장 풀세트","LX지인","고급","세트","7714871"
"샷시 > 창호","[본사 완성창] LX지인 20평형 비확장 풀세트","LX지인","고급","세트","12893825"
"샷시 > 창호","[본사 완성창] LX지인 20평형 확장 풀세트","LX지인","고급","세트","13932830"
"샷시 > 창호","[본사 완성창] LX지인 30평형 비확장 풀세트","LX지인","고급","세트","13670004"
"샷시 > 창호","[본사 완성창] LX지인 30평형 확장 풀세트","LX지인","고급","세트","12893825"
"샷시 > 창호","[본사 완성창] LX지인 40평형 비확장 풀세트","LX지인","고급","세트","7382000"
"샷시 > 창호","[본사 완성창] LX지인 40평형 확장 풀세트","LX지인","고급","세트","7395000"
"샷시 > 창호","[본사 완성창] 홈씨씨 20평형 비확장 풀세트","홈씨씨","고급","세트","8279843"
"샷시 > 창호","[본사 완성창] 홈씨씨 20평형 확장 풀세트","홈씨씨","고급","세트","10591801"
"샷시 > 창호","[본사 완성창] 홈씨씨 30평형 비확장 풀세트","홈씨씨","고급","세트","11032339"
"샷시 > 창호","[본사 완성창] 홈씨씨 30평형 확장 풀세트","홈씨씨","고급","세트","11032339"
"샷시 > 창호","[본사 완성창] 홈씨씨 40평형 비확장 풀세트","홈씨씨","고급","세트","11936209"
"샷시 > 창호","[본사 완성창] 홈씨씨 40평형 확장 풀세트","홈씨씨","고급","세트","10655000"
"샷시 > 터닝도어","KCC 터닝도어","KCC","일반","자평","31124"
"샷시 > 폴딩도어","글라스 폴딩도어","-","일반","쪽","450000"
"설비 > 부자재","고농도수용성방수액 하이고뫄스","-","일반","개","62370"
"설비 > 부자재","고도급결95%","-","일반","개","17820"
"설비 > 부자재","고도급결제 88","-","일반","개","3300"
"설비 > 부자재","고도급결제 95","-","일반","개","22880"
"설비 > 부자재","급결방수제88%","-","일반","개","3300"
"설비 > 부자재","다용도방수제","-","일반","개","22880"
"설비 > 부자재","레미탈 견출용","-","일반","개","9350"
"설비 > 부자재","레미탈 미장용","-","일반","장","5830"
"설비 > 부자재","방수시트","-","일반","개","33550"
"설비 > 부자재","보수몰탈 마페그라우트22K","-","일반","개","34760"
"설비 > 부자재","시멘트","-","일반","개","8360"
"설비 > 부자재","시멘트벽돌","-","일반","개","154"
"설비 > 부자재","완결방수제","-","일반","개","3300"
"설비 > 부자재","일액형탄성도막방수제 WPM003","-","중급","M","135300"
"설비 > 부자재","조기양생형고강도보수몰탈 A45","-","중급","개","139700"
"설비 > 부자재","화장실방수액 고뫄스","-","일반","장","53460"
"에어컨 > 시스템에어컨","[세트] BESPOKE 무풍  Infinite Line 1Way (UV 실내기) (냉방전용/WIFI/다배관)","SAMSUNG","고급","세트","8678000"
"에어컨 > 시스템에어컨","[세트] BESPOKE 무풍  Infinite Line 1Way (UV 실내기) (냉방전용/WIFI/단배관)","SAMSUNG","고급","세트","7100000"
"에어컨 > 시스템에어컨","[세트] BESPOKE 무풍  Infinite Line 1Way (일반실내기) (냉방전용/WIFI/다배관)","SAMSUNG","고급","세트","8678000"
"에어컨 > 시스템에어컨","[세트] BESPOKE 무풍  Infinite Line 1Way (일반실내기) (냉방전용/WIFI/단배관)","SAMSUNG","고급","세트","9250000"
"에어컨 > 시스템에어컨","[세트] 멀티 V S 주거 - 천장형 카세트 1way (냉방전용/WIFI/단배관)","LG","고급","세트","4030000"
"에어컨 > 시스템에어컨","[세트] 멀티 올인원 - 천장형 카세트 1way (냉방전용/WIFI/다배관)","LG","고급","세트","3550000"
"에어컨 > 시스템에어컨","[세트] 무풍 1Way (냉방전용/WIFI/다배관)","SAMSUNG","고급","세트","6600000"
"에어컨 > 시스템에어컨","[세트] 무풍 1Way (냉방전용/WIFI/단배관)","SAMSUNG","고급","세트","7100000"
"에어컨 > 시스템에어컨","[세트] 무풍 1Way (냉방전용/다배관)","SAMSUNG","고급","세트","9000000"
"에어컨 > 시스템에어컨","[세트] 무풍 1Way (냉방전용/단배관)","SAMSUNG","고급","세트","6631000"
"에어컨 > 시스템에어컨","[세트] 휘센 1Way (프리미엄) (WIFI/다배관)","LG","고급","세트","3400000"
"에어컨 > 시스템에어컨","[세트] 휘센 1Way (프리미엄) (WIFI/단배관)","LG","고급","세트","8500000"
"에어컨 > 시스템에어컨","[세트] 휘센 1Way UVnano (프리미엄) (WIFI/다배관)","LG","고급","세트","3590000"
"에어컨 > 시스템에어컨","[세트] 휘센 1Way UVnano (프리미엄) (WIFI/단배관)","LG","고급","세트","3800000"
"에어컨 > 시스템에어컨","삼성 가정용 시스템에어컨 SET (거실+4실) 다배관","삼성","일반","SET","6430000"
"에어컨 > 시스템에어컨 (가정용)","LG 가정용 107㎡ (32~35평형) 시스템에어컨 SET (거실+안방+방1) 다배관","LG휘센","고급","세트","4510000"
"에어컨 > 시스템에어컨 (가정용)","LG 가정용 107㎡ (32~35평형) 시스템에어컨 SET (거실+안방+방1) 단배관","LG휘센","고급","세트","4740000"
"에어컨 > 시스템에어컨 (가정용)","LG 가정용 107㎡ (32~35평형) 시스템에어컨 SET (거실+안방+방2) 다배관","LG휘센","고급","세트","5440000"
"에어컨 > 시스템에어컨 (가정용)","LG 가정용 107㎡ (32~35평형) 시스템에어컨 SET (거실+안방+방2) 단배관","LG휘센","고급","세트","5780000"
"에어컨 > 시스템에어컨 (가정용)","LG 가정용 140㎡ (40~50평형) 시스템에어컨 SET (거실+안방+방2+주방) 다배관","LG휘센","고급","세트","7110000"
"에어컨 > 시스템에어컨 (가정용)","LG 가정용 140㎡ (40~50평형) 시스템에어컨 SET (거실+안방+방2+주방) 단배관","LG휘센","고급","세트","7270000"
"에어컨 > 시스템에어컨 (가정용)","LG 가정용 84.5㎡ (23~25평형) 시스템에어컨 SET (거실+안방) 다배관","LG휘센","고급","세트","3620000"
"에어컨 > 시스템에어컨 (가정용)","LG 가정용 84.5㎡ (23~25평형) 시스템에어컨 SET (거실+안방) 단배관","LG휘센","고급","세트","3730000"
"에어컨 > 시스템에어컨 (가정용)","삼성 가정용 107㎡ (32~35평형) 시스템에어컨 SET (거실+안방+방1) 다배관","삼성","고급","세트","4170000"
"에어컨 > 시스템에어컨 (가정용)","삼성 가정용 107㎡ (32~35평형) 시스템에어컨 SET (거실+안방+방1) 단배관","삼성","고급","세트","4260000"
"에어컨 > 시스템에어컨 (가정용)","삼성 가정용 107㎡ (32~35평형) 시스템에어컨 SET (거실+안방+방2) 다배관","삼성","고급","세트","5110000"
"에어컨 > 시스템에어컨 (가정용)","삼성 가정용 107㎡ (32~35평형) 시스템에어컨 SET (거실+안방+방2) 단배관","삼성","고급","세트","5240000"
"에어컨 > 시스템에어컨 (가정용)","삼성 가정용 140㎡ (40~50평형) 시스템에어컨 SET (거실+안방+방2+주방) 다배관","삼성","고급","세트","6430000"
"에어컨 > 시스템에어컨 (가정용)","삼성 가정용 140㎡ (40~50평형) 시스템에어컨 SET (거실+안방+방2+주방) 단배관","삼성","고급","세트","6600000"
"에어컨 > 시스템에어컨 (가정용)","삼성 가정용 84.5㎡ (23~25평형) 시스템에어컨 SET (거실+안방) 다배관","삼성","고급","세트","3260000"
"에어컨 > 시스템에어컨 (가정용)","삼성 가정용 84.5㎡ (23~25평형) 시스템에어컨 SET (거실+안방) 단배관","삼성","고급","세트","3350000"
"욕실 > 샤워수전","HORIZON 호라이즌 샤워욕조수전","American Standard","일반","EA","39600"
"욕실 > 샤워수전","REVERE 리비어 샤워욕조수전","American Standard","일반","EA","80300"
"욕실 > 샤워수전","노만 샤워욕조수전","-","중급","개","245300"
"욕실 > 샤워수전","니켈 샤워 욕조 수전 S-VAR600 MS","비반트","일반","EA","72600"
"욕실 > 샤워수전","라모다 샤워욕조수전","-","중급","개","260700"
"욕실 > 샤워수전","레이크R 샤워욕조수전","-","중급","개","214500"
"욕실 > 샤워수전","레이크S 샤워욕조수전","-","중급","개","220000"
"욕실 > 샤워수전","루나 샤워욕조수전","-","중급","개","106480"
"욕실 > 샤워수전","리비어 샤워욕조수전","-","중급","개","161700"
"욕실 > 샤워수전","리비어 샤워욕조수전(그라파이트)","-","중급","개","260700"
"욕실 > 샤워수전","리비어 샤워욕조수전(사틴무광)","-","중급","개","260700"
"욕실 > 샤워수전","린치핀G 3WAY 레인샤워(사틴헤어라인)","-","고급","개","679800"
"욕실 > 샤워수전","린치핀G 3WAY레인샤워","-","고급","개","413600"
"욕실 > 샤워수전","린치핀G 3WAY레인샤워(그라파이트)","-","고급","개","679800"
"욕실 > 샤워수전","린치핀S 3WAY레인샤워","-","고급","개","361900"
"욕실 > 샤워수전","모멘트 스퀘어 샤워욕조수전","-","고급","개","341000"
"욕실 > 샤워수전","미니말 샤워욕조수전","-","중급","개","226600"
"욕실 > 샤워수전","셀리오 샤워욕조수전","-","중급","개","189200"
"욕실 > 샤워수전","슈페리어G 샤워욕조수전","-","중급","개","287100"
"욕실 > 샤워수전","슈페리어G 샤워욕조수전(사틴헤어라인)","-","고급","개","334400"
"욕실 > 샤워수전","슈페리어S 샤워욕조수전","-","중급","개","275000"
"욕실 > 샤워수전","슈페리어S 샤워욕조수전(사틴헤어라인)","-","고급","개","348700"
"욕실 > 샤워수전","스텔라 샤워욕조수전","-","중급","개","112200"
"욕실 > 샤워수전","슬릭 샤워욕조수전","-","고급","개","386100"
"욕실 > 샤워수전","슬릭 샤워욕조수전(블랙)","-","고급","개","467500"
"욕실 > 샤워수전","시그니처 샤워욕조수전","-","중급","개","154000"
"욕실 > 샤워수전","시그니처 샤워욕조수전(슈퍼실버)","-","중급","개","209000"
"욕실 > 샤워수전","실버 매립욕조수전","-","고급","개","304700"
"욕실 > 샤워수전","심플 2WAY레인샤워(선반형)","-","중급","개","151800"
"욕실 > 샤워수전","심플리카 샤워욕조수전","-","중급","개","126500"
"욕실 > 샤워수전","아이디에스 2WAY레인샤워","-","고급","개","512600"
"욕실 > 샤워수전","아카시아 4H욕조수전","-","고급","개","356400"
"욕실 > 샤워수전","오슬로 샤워욕조수전","-","중급","개","137500"
"욕실 > 샤워수전","웨이브 샤워욕조수전","-","중급","개","205700"
"욕실 > 샤워수전","이미지 샤워수전","-","중급","개","249700"
"욕실 > 샤워수전","이미지 샤워욕조수전","-","중급","개","286000"
"욕실 > 샤워수전","이지셋 2WAY레인샤워(선반형)","-","고급","개","403700"
"욕실 > 샤워수전","이지셋 3WAY레인샤워(선반형)","-","고급","개","463100"
"욕실 > 샤워수전","이지셋 샤워욕조수전(선반형)","-","고급","개","349800"
"욕실 > 샤워수전","제이드 1H겸용수전","-","중급","개","169400"
"욕실 > 샤워수전","제이드 샤워수전","-","중급","개","202400"
"욕실 > 샤워수전","제이드 샤워욕조수전","-","중급","개","228800"
"욕실 > 샤워수전","컨셉큐브 2WAY레인샤워","-","중급","개","292600"
"욕실 > 샤워수전","컨셉큐브 샤워욕조수전","-","중급","개","154000"
"욕실 > 샤워수전","코너스톤 샤워욕조수전","-","고급","개","316800"
"욕실 > 샤워수전","코드 2WAY레인샤워(선반형)","-","중급","개","181500"
"욕실 > 샤워수전","코드 2WAY샤워욕조수전","-","중급","개","181500"
"욕실 > 샤워수전","큐브 2WAY레인샤워(선반형)","-","중급","개","240900"
"욕실 > 샤워수전","큐브 2WAY샤워욕조수전(선반형)","-","중급","개","156200"
"욕실 > 샤워수전","큐브 3WAY레인샤워(선반형)","-","중급","개","256300"
"욕실 > 샤워수전","큐브P 1H겸용수전","-","일반","개","92180"
"욕실 > 샤워수전","큐브P 샤워욕조수전","-","중급","개","100650"
"욕실 > 샤워수전","파비안 3H욕조수전","-","중급","개","221100"
"욕실 > 샤워수전","플랫 2WAY레인샤워(선반형)","-","중급","개","273900"
"욕실 > 샤워수전","플랫 2WAY샤워욕조수전(선반형)","-","중급","개","184800"
"욕실 > 샤워수전","플랫 3WAY레인샤워(선반형)","-","중급","개","289300"
"욕실 > 샤워수전","플랫 라운드 3WAY레인샤워(블랙)","-","고급","개","311300"
"욕실 > 샤워수전","플랫 라운드 3WAY레인샤워(화이트)","-","고급","개","311300"
"욕실 > 샤워수전","플랫 라운드 샤워욕조수전(블랙)","-","고급","개","311300"
"욕실 > 샤워수전","플랫 라운드 샤워욕조수전(화이트)","-","고급","개","311300"
"욕실 > 샤워수전","피노 2WAY레인샤워","-","중급","개","224400"
"욕실 > 샤워수전","피노 샤워욕조수전","-","일반","개","90750"
"욕실 > 샤워수전","헤리티지 4H욕조수전(-)","-","고급","개","432300"
"욕실 > 샤워수전","헤리티지 4H욕조수전(+)","-","고급","개","408100"
"욕실 > 샤워수전","호라이즌 샤워욕조수전","-","중급","개","169400"
"욕실 > 샤워수전","호라이즌 샤워욕조수전(그라파이트)","-","중급","개","280500"
"욕실 > 샤워수전","호라이즌 샤워욕조수전(사틴헤어라인)","-","중급","개","280500"
"욕실 > 세면대/하부장","THIN EDGE 씬 엣지 탑볼 세면기","American Standard","일반","EA","183260"
"욕실 > 세면대/하부장","WAVE R 웨이브 R 반다리 일체형 세면기","American Standard","일반","EA","169400"
"욕실 > 세면대/하부장","WAVE S 웨이브 S 반다리 일체형 세면기","American Standard","일반","개","169400"
"욕실 > 세면대/하부장","네오모던 긴다리세면기","-","중급","개","126500"
"욕실 > 세면대/하부장","네오모던 반다리세면기","-","중급","개","126500"
"욕실 > 세면대/하부장","네오모던 탑볼세면기","-","중급","개","107910"
"욕실 > 세면대/하부장","뉴코디 긴다리세면기","-","중급","개","106480"
"욕실 > 세면대/하부장","린치핀G 탑볼세면기","-","중급","개","180400"
"욕실 > 세면대/하부장","린치핀S 탑볼세면기","-","중급","개","167200"
"욕실 > 세면대/하부장","밀라노 언더카운터세면기","-","일반","개","96030"
"욕실 > 세면대/하부장","시그넷 긴다리세면기","-","중급","개","171600"
"욕실 > 세면대/하부장","시그넷 반다리세면기","-","중급","개","171600"
"욕실 > 세면대/하부장","시그넷 탑볼세면기","-","중급","개","144100"
"욕실 > 세면대/하부장","시그니처 탑볼세면기","-","중급","개","213400"
"욕실 > 세면대/하부장","씬 엣지 카운터탑세면기","-","중급","개","166100"
"욕실 > 세면대/하부장","씬 엣지 탑볼세면기","-","중급","개","154000"
"욕실 > 세면대/하부장","아카시아 슈파슬릭 카운터탑세면기","-","중급","개","283800"
"욕실 > 세면대/하부장","아카시아 슈파슬릭 탑볼세면기(380)","-","중급","개","220000"
"욕실 > 세면대/하부장","아카시아 슈파슬릭 탑볼세면기(420)","-","중급","개","200200"
"욕실 > 세면대/하부장","아카시아E 탑볼세면기","-","중급","개","165000"
"욕실 > 세면대/하부장","액티바 언더카운터세면기","-","일반","개","98010"
"욕실 > 세면대/하부장","액티브 탑볼세면기","-","일반","개","77660"
"욕실 > 세면대/하부장","오발린 언더카운터세면기","-","일반","개","75680"
"욕실 > 세면대/하부장","웨이브R 일체형세면기","-","중급","개","189200"
"욕실 > 세면대/하부장","웨이브S 언더카운터세면기","-","중급","개","103620"
"욕실 > 세면대/하부장","웨이브S 일체형세면기","-","중급","개","195800"
"욕실 > 세면대/하부장","지니 Y801 벽걸이형","라우체","일반","개","138200"
"욕실 > 세면대/하부장","컨셉큐브 긴다리세면기","-","중급","개","133100"
"욕실 > 세면대/하부장","컨셉큐브 반다리세면기","-","중급","개","152900"
"욕실 > 세면대/하부장","코너스톤 일체형세면기","-","중급","개","235400"
"욕실 > 세면대/하부장","파티오R 일체형세면기","-","중급","개","159500"
"욕실 > 세면대/하부장","플랫 내추럴R 일체형세면기","-","중급","개","152900"
"욕실 > 세면대/하부장","플랫 내추럴R 일체형세면기(비누대)","-","중급","개","166100"
"욕실 > 세면대/하부장","플랫 내추럴S 일체형세면기","-","중급","개","160600"
"욕실 > 세면대/하부장","플랫 내추럴S 일체형세면기(비누대)","-","중급","개","173800"
"욕실 > 세면대/하부장","플랫 라운드 일체형세면기","-","중급","개","212300"
"욕실 > 세면대/하부장","플랫 일체형세면기","-","중급","개","215600"
"욕실 > 세면대/하부장","화이트 라운드 탑볼세면기","-","중급","개","113300"
"욕실 > 세면대/하부장","화이트 스퀘어 탑볼세면기","-","중급","개","110000"
"욕실 > 세면수전","134S 5141W 무타공 세면대 (유광)","누오보","일반","EA","119000"
"욕실 > 세면수전","CL-384 평면붙임","대림","일반","EA","178000"
"욕실 > 세면수전","DL-L2310SN 1H 세면수전","대림","일반","EA","55000"
"욕실 > 세면수전","HORIZON 1H 호라이즌 세면 수전","American Standard","일반","EA","152300"
"욕실 > 세면수전","PLAT ROUND 플랫 라운드 반다리 일체형 세면기","American Standard","일반","EA","208500"
"욕실 > 세면수전","PLAT 플랫 반다리 일체형 세면기","American Standard","일반","EA","137000"
"욕실 > 세면수전","REVERE 1H 리비어 세면수전","American Standard","일반","EA","90000"
"욕실 > 세면수전","니켈 무광 원홀 샤워 겸용 세면수전 DOT-N360(MS)","비반트","일반","개","38500"
"욕실 > 세면수전","니켈 원홀 세면수전","비반트","일반","EA","15730"
"욕실 > 세면수전","니켈 원홀 세면수전 S-VAR340 MS","비반트","일반","EA","39600"
"욕실 > 세면수전","니켈 하프단 원홀 세면수전","필로토","일반","EA","74900"
"욕실 > 세면수전","대림세면 수전 니켈 DL-L2110SN","대림","일반","EA","45000"
"욕실 > 세면수전","린치핀G 1H탑볼세면수전","-","중급","개","212300"
"욕실 > 세면수전","린치핀G 1H탑볼세면수전(그라파이트)","-","중급","개","258500"
"욕실 > 세면수전","린치핀G 1H탑볼세면수전(사틴헤어라인)","-","중급","개","258500"
"욕실 > 세면수전","린치핀S 1H탑볼세면수전","-","중급","개","168300"
"욕실 > 세면수전","린치핀S 1H탑볼세면수전(사틴헤어라인)","-","중급","개","204600"
"욕실 > 세면수전","미니말 1H탑볼세면수전","-","중급","개","154000"
"욕실 > 세면수전","밀라노 매립세면수전","-","중급","개","144100"
"욕실 > 세면수전","시그니처 1H탑볼세면수전","-","중급","개","167200"
"욕실 > 세면수전","시그니처 1H탑볼세면수전(슈퍼실버)","-","중급","개","203500"
"욕실 > 세면수전","실버 1H탑볼세면수전","-","중급","개","238700"
"욕실 > 세면수전","실버 매립세면수전","-","중급","개","293700"
"욕실 > 세면수전","아이디에스 내추럴 매립세면수전","-","중급","개","183700"
"욕실 > 세면수전","이미지 1H탑볼세면수전","-","중급","개","254100"
"욕실 > 수전/샤워기","무광니켈 스테인리스 코일 변기 청소건","비반트","일반","EA","15000"
"욕실 > 악세사리","ACTIVE 액티브 액세서리 5종","American Standard","일반","개","108700"
"욕실 > 악세사리","ADJUSTABLE SLIDE BAR 가변형 슬라이드바","American Standard","일반","EA","25520"
"욕실 > 악세사리","DL-A2300SN 4품_액세서리","대림","일반","개","55000"
"욕실 > 악세사리","DOT N01A","비반트","일반","EA","13000"
"욕실 > 악세사리","DOT N01AA","비반트","일반","EA","32300"
"욕실 > 악세사리","DOT VA307","비반트","일반","EA","12540"
"욕실 > 악세사리","PLAT 플랫 액세서리 5종","American Standard","일반","개","113960"
"욕실 > 악세사리","VIVANT TC04A","비반트","일반","EA","17600"
"욕실 > 악세사리","VIVANT TC04B","비반트","일반","EA","17600"
"욕실 > 악세사리","바흐6025슬라이드바","필로토","일반","EA","47000"
"욕실 > 악세사리","스테인리스 코너선반","American Standard","일반","EA","55300"
"욕실 > 악세사리","폴리아6001 수건걸이","필로토","일반","EA","25300"
"욕실 > 악세사리","폴리아6010옷걸이","필로토","일반","EA","13000"
"욕실 > 악세사리","폴리아6011휴지걸이","필로토","일반","EA","26800"
"욕실 > 양변기/소변기","PLAT 플랫 비데일체형 양변기 (직수형/ 부속 포함)","American Standard","일반","EA","247900"
"욕실 > 양변기/소변기","WAVE R 2PC (림리스) 웨이브 R 투피스 양변기","American Standard","일반","EA","275000"
"욕실 > 양변기/소변기","WAVE R 2PC 웨이브 R 투피스 양변기","American Standard","일반","개","280500"
"욕실 > 양변기/소변기","WAVE S 2PC (림리스) 웨이브 S 투피스 양변기","American Standard","고급","EA","919200"
"욕실 > 양변기/소변기","네오모던 원피스양변기","-","고급","개","444400"
"욕실 > 양변기/소변기","대림바스 투피스 양변기 PC-9023","대림","일반","개","226600"
"욕실 > 양변기/소변기","대림바스플랜 원피스 양변기 PC-7060","대림","일반","EA","226600"
"욕실 > 양변기/소변기","대림바스플랜 투피스 양변기 CC-735","대림","중급","EA","324000"
"욕실 > 양변기/소변기","리니어 투피스양변기(초절수)","-","고급","개","309100"
"욕실 > 양변기/소변기","브리오 원피스양변기","-","고급","개","413600"
"욕실 > 양변기/소변기","스탠리 세미 비데일체형양변기(직수형)","-","고급","개","734800"
"욕실 > 양변기/소변기","스탠리 탱크리스양변기","-","고급","개","734800"
"욕실 > 양변기/소변기","스튜디오S 탱크리스양변기","-","고급","개","900900"
"욕실 > 양변기/소변기","시그니처 원피스양변기","-","고급","개","565400"
"욕실 > 양변기/소변기","시그니처 투피스양변기(초절수)","-","고급","개","314600"
"욕실 > 양변기/소변기","아카시아E 원피스양변기","-","고급","개","591800"
"욕실 > 양변기/소변기","웨이브R 원피스양변기","-","고급","개","405900"
"욕실 > 양변기/소변기","웨이브R 투피스양변기","아메리칸스탠다드","중급","개","265100"
"욕실 > 양변기/소변기","웨이브R 투피스양변기(초절수)","-","중급","개","292600"
"욕실 > 양변기/소변기","웨이브S 원피스양변기","-","고급","개","427900"
"욕실 > 양변기/소변기","웨이브S 투피스양변기","-","중급","개","272800"
"욕실 > 양변기/소변기","웨이브S 투피스양변기(초절수)","-","중급","개","297000"
"욕실 > 양변기/소변기","초이스 원피스양변기","-","고급","개","416900"
"욕실 > 양변기/소변기","초이스 투피스양변기(초절수)","-","고급","개","312400"
"욕실 > 양변기/소변기","코너스톤 비데일체형양변기(직수형)","-","고급","개","1518000"
"욕실 > 양변기/소변기","플랫 내추럴 비데일체형양변기(직수형)","-","고급","개","942700"
"욕실 > 양변기/소변기","플랫 라운드 비데일체형양변기(직수형)","-","고급","개","877800"
"욕실 > 양변기/소변기","플랫 블랙 비데일체형양변기(직수형)","-","고급","개","2079000"
"욕실 > 양변기/소변기","플랫 비데일체형양변기(직수형)","-","고급","개","1026300"
"욕실 > 양변기/소변기","휴스턴 투피스양변기","-","중급","개","254100"
"욕실 > 욕실장/거울","LED 원형","히든바스","일반","EA","103125"
"욕실 > 욕실장/거울","욕실 거울장 일반","-","일반","EA","112300"
"욕실 > 욕실장/거울","프로젝트 5T 트랙","히든바스","일반","EA","55000"
"욕실 > 욕조","[라우체] 아크릴 욕조 로미나 158 (1400/1500/1700)","-","고급","개","890000"
"욕실 > 욕조","[라우체] 아크릴 욕조 해밀턴 179 (1500/1700)","-","고급","개","880000"
"욕실 > 욕조","[모리즈]  브리즈 아크릴 매립욕조  1800x900/1800x1000","-","중급","개","583000"
"욕실 > 욕조","[모리즈]  시에나 아크릴 매립 욕조 1800x750","-","중급","개","324500"
"욕실 > 욕조","[모리즈]  프리스탠딩 이동식욕조 moriz-4860/moriz-4861/moriz-4862","-","고급","개","1386000"
"욕실 > 욕조","[모리즈] 블리스 아크릴 매립욕조 1700x850","-","중급","개","401500"
"욕실 > 욕조","[모리즈] 시에나W 아크릴 매립욕조  1700x800","-","중급","개","324500"
"욕실 > 욕조","[모리즈] 시에나W아크릴 매립욕조 1800x800","-","중급","개","363000"
"욕실 > 욕조","[모리즈] 아이리스  아크릴 매립욕조 1700x750","-","중급","개","308000"
"욕실 > 욕조","[모리즈] 팰리스 아크릴 매립욕조 1800x1100/1800x1200","-","고급","개","616000"
"욕실 > 욕조","[모리즈] 프리스탠딩 이동식욕조 moriz-2093","-","고급","개","1369500"
"욕실 > 욕조","[모리즈] 프리스탠딩 이동식욕조 moriz-3358F","-","고급","개","2100000"
"욕실 > 욕조","[모리즈] 프리스탠딩 이동식욕조 moriz-3805","-","고급","개","1369500"
"욕실 > 욕조","[모리즈] 프리스탠딩 이동식욕조 moriz-5390F","-","고급","개","2277000"
"욕실 > 욕조","[모리즈] 프리스탠딩 이동식욕조 moriz-830F","-","고급","개","1930500"
"욕실 > 욕조","[씨트리] 매립형 반신욕조 ST-6075Q (1500X750)","-","중급","개","540000"
"욕실 > 욕조","[씨트리] 매립형 욕조 ST-6612Q (1850x1200)","-","고급","개","880000"
"욕실 > 욕조","[씨트리] 매립형 욕조 ST-8014Q (1200/1300/1400/1500/1600/1700)","-","중급","개","460000"
"욕실 > 욕조","[씨트리] 배모양 아크릴 이동식 욕조 ST-6112W","-","고급","개","1085000"
"욕실 > 욕조","[씨트리] 사각 매립형 욕조 ST-1402Q 1900*1500","-","고급","개","950000"
"욕실 > 욕조","[씨트리] 액상아크릴 이동식 욕조 ST-8608","-","고급","개","1760000"
"욕실 > 욕조","[씨트리] 액상아크릴 이동식 욕조 ST-8628","-","고급","개","1870000"
"욕실 > 욕조","[씨트리] 액상아크릴 이동식 욕조 ST-8633","-","고급","개","1680000"
"욕실 > 욕조","[씨트리] 원형 매립형 욕조 ST-6121AQ","-","고급","개","715000"
"욕실 > 욕조","[씨트리] 이동식 욕조 ST-LAR38643 (1700x800x600)","-","고급","개","2450000"
"욕실 > 욕조","[씨트리] 이동식 욕조 ST-LAR5303 (1700) 무광블랙","-","고급","개","2750000"
"욕실 > 욕조","[씨트리] 이동식 욕조 ST-LAR5305 (1700) 무광블랙","-","고급","개","2750000"
"욕실 > 욕조","[씨트리] 이동식 욕조 ST-LAR9816(1500X1500)","-","고급","개","3100000"
"욕실 > 욕조","[위즈덤] 이동식 액상아크릴 욕조 WD65140 (1600mm)","-","고급","개","3168000"
"욕실 > 욕조","[위즈덤] 이동식 액상아크릴 욕조 WD65166 (1600mm)","-","고급","개","3168000"
"욕실 > 욕조","[위즈덤] 이동식 액상아크릴 욕조 WD65191 (1500mm)","-","고급","개","2772000"
"욕실 > 욕조","[위즈덤] 이동식 액상아크릴 욕조 WD65191F1 (1400mm)","-","고급","개","2640000"
"욕실 > 욕조","[일신새니몰]매립식 욕조 SMC1300x700","-","일반","개","230000"
"욕실 > 욕조","[일신새니몰]매립식 욕조 SMC1500x750","-","일반","개","250000"
"욕실 > 욕조","[일신새니몰]매립식 욕조 SMC1700x750","-","일반","개","270000"
"욕실 > 욕조","아크릴매립식 욕조 ACL1500x750","-","중급","개","390000"
"욕실 > 욕조","아크릴매립식 욕조 ACL1500x800","-","중급","개","420000"
"욕실 > 욕조","인터쿠아 매립욕조 그로세토 (1200/1300/1400/1500)","-","고급","개","635000"
"욕실 > 욕조","인터쿠아 매립욕조 루체(1400)","-","일반","개","265000"
"욕실 > 욕조","인터쿠아 매립욕조 스페치오 (1600)","-","중급","개","430000"
"욕실 > 욕조","인터쿠아 매립욕조 우노(1600/1800)","-","중급","개","480000"
"욕실 > 욕조","인터쿠아 매립욕조 토스카나 N (1500/1600/1700)","-","일반","개","265000"
"욕실 > 욕조","인터쿠아 매립욕조 토스카나 W (1400/1500/1600/1700/1800/2000)","-","일반","개","280000"
"욕실 > 욕조","인터쿠아 매립욕조 토스카나(1400/1500/1600/1700/1800)","-","일반","개","265000"
"욕실 > 욕조","인터쿠아 이동식 욕조 IFB-C4220 (1500)","-","고급","개","1425000"
"욕실 > 욕조","인터쿠아 이동식 원형욕조 IFB-A6054 (1350)","-","고급","개","1850000"
"욕실 > 이노솔","이노솔 실링 시트","-","일반","㎡","32000"
"욕실 > 천장","SMC 평판 천장재","-","일반","㎡","25000"
"욕실 > 파티션","욕실 화장실 유리파티션 밀착형(설치포함)","-","일반","EA","250000"
"욕실 > 환풍기/기타","제로크 HV3-80X(MD-N)","힘펠","일반","EA","70400"
"욕실 > 환풍기/기타","휴젠뜨 ll (프리미엄형) FHD-P150S1","힘펠","중급","EA","330000"
"욕실 > 환풍기/기타","힘펠 환풍기 휴젠뜨2(FHD-P150S) 화장실환풍기","-","일반","개","369000"
"욕실 > 환풍기/기타","힘펠플렉스 C2-100LF","힘펠","일반","EA","34650"
"전기 > 감지기/스피커","가스 감지기","신우","일반","EA","15840"
"전기 > 감지기/스피커","광전식 감지기","동방","일반","EA","16170"
"전기 > 감지기/스피커","광전식 감지기 (단독형)","현대방재","일반","EA","8470"
"전기 > 감지기/스피커","매입 스피커","하소","일반","EA","6600"
"전기 > 감지기/스피커","스프링클러","우당","일반","EA","550"
"전기 > 감지기/스피커","인체감지센서 (노출형)","한승계기","일반","EA","20900"
"전기 > 감지기/스피커","인체감지센서 (매입형)","한승계기","일반","EA","20900"
"전기 > 감지기/스피커","정온식 감지기","동방","일반","EA","5830"
"전기 > 감지기/스피커","정온식 감지기 (단독형)","미래테크","일반","EA","13090"
"전기 > 감지기/스피커","차동식 감지기","동방","일반","EA","5830"
"전기 > 감지기/스피커","히든센서","도경","일반","EA","19140"
"전기 > 기타","분전반 교체","-","일반","EA","350000"
"전기 > 기타","전기선 2.5SQ TFR-CV (3C/ 3심)","-","일반","M","2250"
"전기 > 조명","LED 뉴플랜 면조명 평판등/엣지등","-","일반","EA","85000"
"전기 > 조명","Ver-2 쿠스 M20 마그네틱 레일 확산 10W","동성조명","일반","EA","6270"
"전기 > 조명","Ver-2 쿠스 M20 마그네틱 레일 확산 20W","동성조명","일반","EA","8250"
"전기 > 조명","Ver-2 쿠스 M20 마그네틱 레일 확산 30W","동성조명","일반","EA","11000"
"전기 > 조명","Ver-2 쿠스 M20 마그네틱 레일 확산 40W","동성조명","일반","EA","16500"
"전기 > 조명","Ver-3 초이스 2인치 확산 일체형 6W","동성조명","일반","EA","5060"
"전기 > 조명","Ver-3 초이스 3인치 확산 일체형 8W","동성조명","일반","EA","4400"
"전기 > 조명","마그네틱 레일 등기구 포함","-","일반","m","74000"
"전기 > 조명","에코 샤리벨 T5 1200 18W (KC)","동성조명","일반","EA","3960"
"전기 > 조명","에코 샤리벨 T5 300 5W (KC)","동성조명","일반","EA","3190"
"전기 > 조명","에코 샤리벨 T5 400 7W (KC)","동성조명","일반","EA","4070"
"전기 > 조명","에코 샤리벨 T5 600 9W (KC)","동성조명","일반","EA","3520"
"전기 > 조명","에코 샤리벨 T5 900 14W (KC)","동성조명","일반","EA","3740"
"전기 > 조명","에코 온스 다운라이트 2인치 5W","동성조명","일반","EA","3630"
"전기 > 조명","에코 온스 다운라이트 3인치 8W","동성조명","일반","EA","4290"
"전기 > 조명","에코 온스 다운라이트 4인치 15W","동성조명","일반","EA","6490"
"전기 > 조명","에코 초이스 2인치 COB 일체형 3W","동성조명","일반","EA","4400"
"전기 > 조명","에코 초이스 3인치 COB 일체형 8W","동성조명","일반","EA","4400"
"전기 > 조명","에코 초이스 4인치 COB 일체형 12W","동성조명","일반","EA","7480"
"전기 > 콘센트/스위치","LS990 매트화이트 220V 결합형 콘센트","-","고급","EA","165550"
"전기 > 콘센트/스위치","LS990 매트화이트 220V 방우형 콘센트 (인서트+커버 SET)","-","일반","EA","42240"
"전기 > 콘센트/스위치","LS990 매트화이트 220V 콘센트 (인서트+커버 SET)","-","일반","EA","30470"
"전기 > 콘센트/스위치","LS990 매트화이트 디머스위치 (인서트+커버 SET)","-","고급","EA","239030"
"전기 > 콘센트/스위치","LS990 매트화이트 스위치 (인서트+커버 SET)","-","일반","EA","29040"
"전기 > 콘센트/스위치","LS990 매트화이트 프레임","-","일반","EA","15180"
"전기 > 콘센트/스위치","다이아 화이트 스위치","서울산전","일반","EA","1540"
"전기 > 콘센트/스위치","다이아 화이트 콘센트","서울산전","일반","EA","1540"
"전기 > 콘센트/스위치","매립박스","-","일반","EA","3190"
"전기 > 콘센트/스위치","아테오 화이트 스위치","르그랑","일반","EA","28930"
"전기 > 콘센트/스위치","아테오 화이트 콘센트","르그랑","일반","EA","25520"
"전기 > 콘센트/스위치","아펠라 화이트 스위치","르그랑","일반","EA","2090"
"전기 > 콘센트/스위치","아펠라 화이트 콘센트","르그랑","일반","EA","2090"
"전기 > 콘센트/스위치","엑셀 화이트 스위치","르그랑","일반","EA","11880"
"주방 > 가구","냉장고장 PET SE0","-","일반","자당","145000"
"주방 > 가구","상부장 PET E0 EVA","-","일반","자당","145200"
"주방 > 가구","인조대리석 12T 기본","-","일반","자당","81400"
"주방 > 가구","키친 PET 자재 E0 상하부장","-","일반","M","800000"
"주방 > 가구","키친 PET 자재 E0 상하부장","-","고급","M","1100000"
"주방 > 가구","하부장 PET E0 EVA","-","일반","자당","132400"
"주방 > 상판","세라믹 기본","-","고급","M","1000000"
"주방 > 상판","세라믹상판 12T ITALY","ITALY","중급","EA","1250000"
"주방 > 상판","엔지니어드 스톤 기본","-","중급","M","420000"
"주방 > 상판","인조대리석 12T UPE","-","일반","M","200000"
"주방 > 상판","포세린 박판 1EA","-","일반","EA","2800000"
"주방 > 싱크볼","[KRAUS] 사각 싱크볼+주방수전_KCH-1000","-","고급","개","749000"
"주방 > 싱크볼","[KRAUS] 크라우스 팜하우스 그라나이트 싱크볼KGF1-30BK 블랙","-","고급","개","1190000"
"주방 > 싱크볼","[KRAUS] 크라우스 팜하우스 그라나이트 싱크볼KGF11-30WH 화이트","-","고급","개","1190000"
"주방 > 싱크볼","[백조씽크] QUIET 540/콰이어트패드 싱크볼 (대배수구포함)","-","중급","개","270000"
"주방 > 싱크볼","[백조씽크] QUIET 800/콰이어트패드 싱크볼 세트(와이어바스켓+수세미망+대배수구)","-","고급","개","362900"
"주방 > 싱크볼","[백조씽크] QUIET 860/콰이어트패드 싱크볼 세트(와이어바스켓+수세미망+대배수구)","-","고급","개","370000"
"주방 > 싱크볼","[백조씽크] QUIET 960/콰이어트패드 싱크볼 세트(와이어바스켓+수세미망+대배수구)","-","고급","개","418600"
"주방 > 싱크볼","[백조씽크] 사각 언더 싱크볼 DS 840 L/R 세트(싱크볼+대배수구+와이어바스켓+수세미망)","-","중급","개","217900"
"주방 > 싱크볼","[백조씽크] 사각 언더 싱크볼 GRAND 800 (수세미망+와이어바스켓+배수구포함)","-","중급","개","285700"
"주방 > 싱크볼","[백조씽크] 사각 언더 싱크볼 SC 550 (대배수구포함)","-","중급","개","134600"
"주방 > 싱크볼","[백조씽크] 사각 언더 싱크볼GD 540(후크배수구포함)","-","중급","개","195700"
"주방 > 싱크볼","[백조씽크] 사각 인셋&언더 LS 700 싱크볼세트(배수구+스텐망)","-","중급","개","158000"
"주방 > 싱크볼","[백조씽크] 사각 인셋＆언더 싱크볼 DS 740 세트(씽크볼+배수구+수세미망)","-","중급","개","117000"
"주방 > 싱크볼","[백조씽크] 사각 인셋&언더 싱크볼 OS 630(대배수구포함)","-","중급","개","137000"
"주방 > 싱크볼","[백조씽크] 사각 인셋&언더 싱크볼 OS 800(대배수구포함)","-","중급","개","158000"
"주방 > 싱크볼","[백조씽크] 사각 인셋&언더 싱크볼 RS 840 L/R(대배수구포함)","-","중급","개","189000"
"주방 > 싱크볼","[백조씽크] 엘레시 BLACK HOLE 940 세트(와이어바스켓+유리커버+배수구)","-","고급","개","851400"
"주방 > 싱크볼","[백조씽크] 엘레시 FOX 360 싱크볼 세트(와이어바스켓+나무도마+PE도마+콜렌더+원형팝업배수구)","-","고급","개","825700"
"주방 > 싱크볼","[백조씽크] 엘레시 KARISMA 105 싱크볼 세트(와이어바스켓+유리커버+사각팝업배수구)","-","고급","개","768600"
"주방 > 싱크볼","[백조씽크] 엘레시 QUADRA 130 싱크볼 세트(와이어바스켓+나무도마+원형팝업배수구)","-","고급","개","802900"
"주방 > 싱크볼","[백조씽크] 프리미엄 사각 언더싱크볼 LD9511 세트(싱크볼+원터치배수구+드레인보드+드레인커버+나무도마+수세미망)","-","고급","개","942900"
"주방 > 싱크볼","[백조씽크] 프리미엄 사각 언더싱크볼 SQS1717 (소소배수구포함)","-","고급","개","844300"
"주방 > 싱크볼","[백조씽크] 프리미엄 사각 언더싱크볼 SQS2311 (소소배수구포함)","-","고급","개","844300"
"주방 > 싱크볼","[백조씽크] 프리미엄 사각 언더싱크볼 SWSR900 세트(싱크볼+원터치배수구+와이어바스켓) 수전타공","-","고급","개","574300"
"주방 > 싱크볼","[백조씽크]프리미엄 사각볼 SQSR780(SET판매 - 싱크볼 + 배수구 + 와이어바스켓 + 나무도마)","-","고급","개","395700"
"주방 > 싱크볼","[에스티로]  LV-1000 사각 엠보 싱크볼 850 싱크대 수전 교체시공","-","고급","개","642000"
"주방 > 싱크볼","[에스티로] 사각 엠보 싱크볼 850","-","고급","개","577000"
"주방 > 싱크볼","[한스싱크]   GRAND 6301 사각싱크볼","-","고급","개","590000"
"주방 > 싱크볼","[한스싱크]  AVENUE 8884 사각싱크볼","-","고급","개","1320000"
"주방 > 싱크볼","[한스싱크]  CITY 6138D 사각싱크볼","-","고급","개","330000"
"주방 > 싱크볼","[한스싱크]  CITY 6174J 사각싱크볼","-","고급","개","800000"
"주방 > 싱크볼","[한스싱크] AVENUE 8881 사각싱크볼","-","고급","개","1080000"
"주방 > 싱크볼","[한스싱크] CITY 6149D 사각싱크볼","-","고급","개","540000"
"주방 > 싱크볼","[한스싱크] CITY 6158D 사각싱크볼","-","고급","개","650000"
"주방 > 싱크볼","[한스싱크] CITY 6174D 사각싱크볼","-","고급","개","820000"
"주방 > 싱크볼","사각 언더 싱크볼 백조 IS 530 배수구 포함","-","일반","개","123000"
"주방 > 싱크볼","사각 언더 씽크볼 600 타일부착겸용","-","중급","개","210000"
"주방 > 싱크볼","사각 언더 씽크볼 800 타일부착겸용","-","중급","개","240000"
"주방 > 주방수전","Aquno Select M81(ST)","한스그로헤","고급","EA","1350000"
"주방 > 주방수전","VIVANT S-TA300","비반트","일반","EA","70000"
"주방 > 주방수전","대림 주방 수전 DL-K2115SN 니켈 기본","대림","일반","EA","65000"
"주방 > 주방수전","비스토K 1H주방수전","-","중급","개","201300"
"주방 > 주방수전","슈티에싱크80127","필로토","중급","EA","167000"
"주방 > 주방수전","슈티에싱크80136","필로토","중급","EA","139000"
"주방 > 주방수전","슈티에싱크80988","필로토","중급","EA","292000"
"주방 > 주방수전","아일 1H주방수전","-","고급","개","531300"
"주방 > 주방수전","오슬로 1H주방수전","-","중급","개","171600"
"주방 > 주방수전","오슬로 1H주방수전(그라파이트)","-","중급","개","216700"
"주방 > 주방수전","오슬로 1H주방수전(사틴헤어라인)","-","중급","개","216700"
"주방 > 주방수전","웨이브 1H센서주방수전","-","고급","개","347600"
"주방 > 주방수전","웨이브 1H주방수전","-","중급","개","201300"
"주방 > 주방수전","웨이브 1H주방수전(사틴헤어라인)","-","중급","개","242000"
"주방 > 주방수전","웨이브 1H주방수전(슈퍼실버)","-","중급","개","233200"
"주방 > 주방수전","유타B 1H주방수전","-","중급","개","173800"
"주방 > 주방수전","유타B 1H주방수전(그라파이트)","-","중급","개","234300"
"주방 > 주방수전","유타B 1H주방수전(사틴헤어라인)","-","중급","개","234300"
"주방 > 주방수전","유타B 2H주방수전","-","중급","개","190300"
"주방 > 주방수전","유타B 2H주방수전(그라파이트)","-","중급","개","245300"
"주방 > 주방수전","유타B 2H주방수전(사틴헤어라인)","-","중급","개","245300"
"주방 > 주방수전","유타C 1H주방수전","-","중급","개","169400"
"주방 > 주방수전","유타C 1H주방수전(그라파이트)","-","중급","개","227700"
"주방 > 주방수전","유타C 1H주방수전(사틴헤어라인)","-","중급","개","227700"
"주방 > 주방수전","제스티 1H주방수전","-","중급","개","171600"
"주방 > 주방수전","지오 1H주방수전","-","중급","개","114400"
"주방 > 주방수전","코너스톤 1H주방수전","-","중급","개","223300"
"주방 > 주방수전","피노 1H주방수전","-","일반","개","78430"
"주방 > 주방수전","피오 TM0030","라우체","고급","EA","316800"
"주방 > 주방후드","트라이애드 T211 T자형 터치식 주방 침니 후드 [ 60T / 90T ]","트라이애드","중급","개","260000"
"주방 > 주방후드","트라이애드 아일랜드후드 스퀘어 T504W 화이트  650 레인지후드 주방환풍기 교체","트라이애드","고급","개","370000"
"주방 > 주방후드","트라이애드 전동댐퍼 100 파이 주방 레인지후드 냄새 역류 방지 주방 후황 후드 댐퍼","트라이애드","일반","개","35000"
"주방 > 주방후드","트라이애드 주방 침니후드  T102-90 실버 후황 렌지후드 주방환풍기","트라이애드","중급","개","240000"
"주방 > 주방후드","트라이애드 주방 하이드후드 T404B-60M 매립후드 후황 주방환풍기 교체","트라이애드","일반","개","59000"
"주방 > 주방후드","트라이애드 주방후드 T404B-90MN 하이드 빌트인 매립후드 후황 주방환풍기 교체","트라이애드","중급","개","230000"
"주방 > 주방후드","트라이애드 주방후드 침니 T212-90M 버튼식 후황 렌지 환풍기 교체","트라이애드","중급","개","250000"
"주방 > 주방후드","트라이애드 침니후드 T101-60S 실버 600용 렌지후드 주방후드 기름받이 장착","트라이애드","중급","개","245000"
"주방 > 주방후드","트라이애드 침니후드 T201-60MW 화이트  렌지후드 후황 주방환풍기 교체","트라이애드","중급","개","240000"
"주방 > 주방후드","트라이이애드 주방후드 침니 TS201 화이트  저소음 후황 렌지 환풍기 교체","트라이애드","고급","개","399000"
"주방 > 주방후드","파세코 베라터치 PHD-VR600T 스마트  주방후드","파세코","고급","개","329000"
"주방 > 주방후드","파세코 주방후드 뉴침니 PHD-NCH900M 후황 렌지후드 주방환풍기","파세코","고급","개","309000"
"주방 > 주방후드","하츠 S60 주방후드 후황 싱크대 렌지 시스템 후드 씽크대 주방 환풍기 교체","하츠","일반","개","50000"
"주방 > 주방후드","하츠 로빈후드 침니 RNH-90 화이트 주방후드 후황 렌지후드 주방환풍기 교체","하츠","고급","개","350000"
"주방 > 주방후드","하츠 모던 스퀘어 MSH-90SCI 쿡탑 연동후드","하츠","고급","개","450000"
"주방 > 주방후드","하츠 슬림 루나 SSL-60G 주방후드","하츠","중급","개","230000"
"주방 > 주방후드","하츠 아일랜드 후드 까미노 DCA46S-HZCI 주방후드 주방환풍기 교체","하츠","고급","개","610000"
"주방 > 주방후드","하츠 아일랜드후드 더블스퀘어 IDS30S 천정후드 주방후드 교체","하츠","고급","개","910000"
"주방 > 주방후드","하츠 아일랜드후드 스퀘어 ISH46S 주방후드 후황 주방환풍기 교체","하츠","고급","개","560000"
"주방 > 주방후드","하츠 아일랜드후드 싱글스퀘어 SIH-30WHCI 화이트 주방후드 천정형후드","하츠","고급","개","490000"
"주방 > 주방후드","하츠 아일랜드후드 싱글스퀘어 SIH30S 650 주방후드 후황 주방환풍기 교체","하츠","고급","개","460000"
"주방 > 주방후드","하츠 엘리카 아일랜드 주방후드 제니스 2 ZENITH 씽크대 후황 환풍기 교체","하츠","고급","개","1600000"
"주방 > 주방후드","하츠 엘리카 에이라씨 ERA C 600 이태리수입 빌트인 주방후드","하츠","고급","개","370000"
"주방 > 주방후드","하츠 주방후드 IB90S 하이드후드 900용  빌트인 매립형 환풍기 후황","하츠","중급","개","240000"
"주방 > 주방후드","하츠 주방후드 K60S 후황 통후드 렌지후드 주방환풍기 교체","하츠","중급","개","130000"
"주방 > 주방후드","하츠 주방후드 K60WH 통후드 후황 렌지후드 주방환풍기 교체","하츠","중급","개","110000"
"주방 > 주방후드","하츠 주방후드 NCH-90S 뉴침니 가스레인지후드 후황","하츠","중급","개","240000"
"주방 > 주방후드","하츠 주방후드 SLH-160S 슬림라인 통후드 빌트인환풍기 후황","하츠","중급","개","190000"
"주방 > 주방후드","하츠 주방후드 뉴빌트인 NBH-200 후황 렌지후드 주방환풍기 교체","하츠","중급","개","190000"
"주방 > 주방후드","하츠 주방후드 루나 화이트 SWL-60GLT 렌지후드 주방환풍기 교체","하츠","중급","개","230000"
"주방 > 주방후드","하츠 주방후드 모던스퀘어 화이트 MSH90-WHHZCI 침니후드 벽부착형 주방환풍기 교체","하츠","고급","개","450000"
"주방 > 주방후드","하츠 주방후드 스마일 DSM60S 렌지후황 시스템후드 주방환풍기 교체","하츠","중급","개","260000"
"주방 > 주방후드","하츠 주방후드 슬랜트 PST-90WHCl 9단흡입","하츠","고급","개","700000"
"주방 > 주방후드","하츠 주방후드 슬림 카브 SSC-60S 후황 주방환풍기 교체","하츠","중급","개","110000"
"주방 > 주방후드","하츠 주방후드 아크 DAC90S 후황 시스템후드 주방환풍기 교체","하츠","고급","개","400000"
"주방 > 주방후드","하츠 주방후드 아크라이트 DAL90S 후황 시스템후드 주방환풍기 교체","하츠","고급","개","400000"
"주방 > 주방후드","하츠 주방후드 엘리카 ELK160S 후황 렌지후드 주방환풍기 교체","하츠","중급","개","170000"
"주방 > 주방후드","하츠 주방후드 침니 KCH60S 후황 렌지후드 주방환풍기 교체","하츠","중급","개","280000"
"주방 > 주방후드","하츠 주방후드 침니 데코후드 KCH-60WH 후황 렌지후드 주방환풍기 교체","하츠","고급","개","320000"
"주방 > 주방후드","하츠 주방후드 테라 DTR90S렌지후드 주방환풍기 기름받이포함","하츠","중급","개","270000"
"주방 > 주방후드","하츠 주방후드 후황 B60","하츠","일반","개","90000"
"주방 > 주방후드","하츠 주방후드 후황 밀레니엄 침니 MCH90S 싱크대 렌지 후드 씽크대 주방 환풍기 교체","하츠","중급","개","250000"
"주방 > 주방후드","하츠 침니 KCH90S 주방후드","하츠","고급","개","300000"
"주방 > 주방후드","하츠 캐슬 PCS90-WHHZCI 화이트 주방 침니후드","하츠","고급","개","700000"
"주방 > 주방후드","하츠 하이드후드 빌트인 IB60S 매립형 주방후드","하츠","일반","개","70000"
"주방 > 주방후드","하츠 허리케인 HRH90S 주방후드","하츠","중급","개","240000"
"주방 > 주방후드","한샘 MSYS 마운틴 주방후드 HDC-MS662 통후드 600용 환풍기교체","엠시스","중급","개","120000"
"주방 > 주방후드","한샘 MSYS 슬림라인 주방후드 HDC-MSL60P 렌지후드 환풍기 교체","엠시스","중급","개","145000"
"주방 > 주방후드","한샘 MSYS 유로침니 HDC-MSE60 싱크대 주방 렌지후드 600용 환풍기 교체","엠시스","중급","개","210000"
"주방 > 주방후드","한샘 MSYS 주방후드 HDB-MSH63M 실버 라운드슬라이딩 슬림형 환풍기 후황","엠시스","일반","개","50000"
"주방 > 주방후드","한샘 MSYS 주방후드 HDC-MSHD63M 600용 하이드 렌지후드","엠시스","일반","개","65000"
"주방 > 주방후드","한샘 MSYS 주방후드 갤럭시 HDC-MSGA60P 통후드 렌지후드 600용 환풍기 교체","엠시스","중급","개","150000"
"중문 > 슬림 여닫이 중문","예림 프리미엄 중문 리안 라이트 간살 여닫이 세트","-","고급","세트","1040000"
"중문 > 원슬라이딩 중문","원슬라이딩 중문 애빙턴 반자동 초슬림 현관중문","-","고급","세트","509000"
"중문 > 중문 전체","[180도 스윙] 예림 프리미엄 중문 리안 뉴밸런스 도어(양개/편개)","-","고급","세트","860000"
"중문 > 중문 전체","[180도 스윙] 예림 프리미엄 중문 리안 라이트 간살 양방향 여닫이 세트","-","고급","세트","1150000"
"중문 > 중문 전체","[180도 스윙] 예림 프리미엄 중문 리안 양방향 라운드 아치 여닫이","-","고급","세트","1250000"
"중문 > 중문 전체","[180도 스윙] 예림 프리미엄 중문 리안 양방향 여닫이","-","고급","세트","820000"
"중문 > 중문 전체","1+3연동 애빙턴 반자동 초슬림 현관중문","-","고급","세트","759000"
"중문 > 중문 전체","3연동 중문 애빙턴 반자동 초슬림 현관중문","-","고급","세트","570000"
"중문 > 중문 전체","예림 프레임리스 글래스 슬라이딩 중문","-","고급","세트","610000"
"중문 > 중문 전체","예림 프리미엄 리안 간살 원슬라이딩 중문","-","고급","세트","1206000"
"중문 > 중문 전체","예림 프리미엄 리안 슬림 원슬라이딩 중문","-","고급","세트","573000"
"중문 > 중문 전체","예림 프리미엄 리안 아치 원슬라이딩 중문","-","고급","세트","884000"
"중문 > 중문 전체","초슬림 알루미늄 2짝미서기 중문 애빙턴 비댐퍼","-","고급","세트","529000"
"타일 > 도기질","ZELL GESSO","베리굿타일앤스톤","일반","BOX","32400"
"타일 > 도기질","ZELL PETROL","베리굿타일앤스톤","일반","BOX","32400"
"타일 > 부자재","고성능타일접착시멘트 케라플렉스맥시S1","-","일반","개","23210"
"타일 > 부자재","고성능타일접착제 X18","-","일반","개","22880"
"타일 > 부자재","고성능타입접착시멘트 아데실렉스P9","-","일반","개","20900"
"타일 > 부자재","드라이픽스1","-","일반","개","11550"
"타일 > 부자재","드라이픽스1 난방용","-","일반","개","12760"
"타일 > 부자재","드라이픽스2","-","일반","개","21670"
"타일 > 부자재","레미탈 타일떠붙임용","-","일반","개","7700"
"타일 > 부자재","멀티프라이머 660V","-","일반","개","62370"
"타일 > 부자재","모래","-","일반","개","3960"
"타일 > 부자재","범용타일접착제 X7","-","일반","개","16280"
"타일 > 부자재","석재에폭시","-","일반","개","45760"
"타일 > 부자재","세라에폭시","-","일반","개","48290"
"타일 > 부자재","압착시멘트 백색","-","일반","개","5830"
"타일 > 부자재","압착시멘트 회색","-","일반","개","5170"
"타일 > 부자재","에폭시줄눈제 EG15 백색","-","중급","개","155100"
"타일 > 부자재","에폭시줄눈제 EG15 시멘트색","-","중급","개","155100"
"타일 > 부자재","일액형타일접착본드 D20","-","일반","개","21670"
"타일 > 부자재","줄눈시멘트 내장용 백색","-","일반","장","7040"
"타일 > 부자재","초강력석재타일본드 쉘터글루","-","일반","개","14080"
"타일 > 부자재","타일메지 홈멘트1 백색","-","일반","개","1540"
"타일 > 부자재","타일메지 홈멘트3 비둘기색","-","일반","개","2090"
"타일 > 부자재","타일메지 홈멘트3 진회색","-","일반","개","2090"
"타일 > 부자재","타일본드 세라픽스 PC 8000P","-","일반","개","34210"
"타일 > 부자재","타일본드 세라픽스PC-7000D","-","일반","개","21340"
"타일 > 부자재","탄성줄눈시멘트 FG4 다크코코아색","-","일반","개","6270"
"타일 > 부자재","탄성줄눈시멘트 FG4 바닐라색","-","일반","개","6270"
"타일 > 부자재","탄성줄눈시멘트 FG4 백색","-","일반","개","6270"
"타일 > 부자재","탄성줄눈시멘트 FG4 볼케이노색","-","일반","개","6270"
"타일 > 부자재","탄성줄눈시멘트 FG4 시멘트색","-","일반","개","6270"
"타일 > 부자재","탄성줄눈시멘트 FG4 코코아색","-","일반","개","6270"
"타일 > 운송비","타일 운송비","-","일반","회","65000"
"타일 > 코너비드","타일코너비드 PVC L형 10T","-","일반","개","1980"
"타일 > 코너비드","타일코너비드 PVC L형 12T","-","일반","개","1980"
"타일 > 코너비드","타일코너비드 PVC L형 8T","-","일반","개","1980"
"타일 > 코너비드","타일코너비드 PVC R형 10T","-","일반","개","1980"
"타일 > 코너비드","타일코너비드 PVC R형 12T","-","일반","개","1980"
"타일 > 코너비드","타일코너비드 PVC R형 8T","-","일반","개","1980"
"타일 > 코너비드","타일코너비드 스텐 L형 10T","-","일반","개","5170"
"타일 > 코너비드","타일코너비드 스텐 L형 5T","-","일반","개","5170"
"타일 > 코너비드","타일코너비드 스텐 L형 8T","-","일반","개","5170"
"타일 > 코너비드","타일코너비드 스텐 라운드 12T","-","일반","개","5170"
"타일 > 코너비드","타일코너비드 스텐 라운드 8T","-","일반","개","5170"
"타일 > 코너비드","타일코너비드 스텐 사각 5T","-","일반","개","5170"
"타일 > 코너비드","타일코너비드 스텐 사각 8T","-","일반","개","5170"
"타일 > 코너비드","타일코너비드 스텐 삼각 10T","-","일반","개","9020"
"타일 > 코너비드","타일코너비드 알루미늄 L형 10T","-","일반","개","4510"
"타일 > 코너비드","타일코너비드 알루미늄 L형 12T","-","일반","개","4510"
"타일 > 코너비드","타일코너비드 알루미늄 L형 8T","-","일반","개","4510"
"타일 > 포세린","IBIZA WHITE","베리굿타일앤스톤","일반","BOX","32400"
"타일 > 포세린","IBIZA WHITE 60x120","베리굿타일앤스톤","중급","BOX","50400"
"타일 > 포세린","SOHO EMERALD BRICK (P)","베리굿타일앤스톤","일반","BOX","32400"
"타일 > 포세린","SOHO IVORY BRICK (P)","베리굿타일앤스톤","일반","BOX","33000"
"타일 > 포세린","아트월 포세린 ITALY","-","일반","EA","127000"
"타일 > 포세린","포세린 타일 IBIZA","베리굿타일앤스톤","일반","BOX","32400"
"필름 > 예림 필름","예림 벨로체 인테리어필름 PP우드 HO4301 카타니아오크","-","일반","세트","18800"
"필름 > 예림 필름","예림 인테리어필름 HE401 화이트펄 예림72","-","일반","세트","7900"
"필름 > 예림 필름","예림 인테리어필름 HE404 스킨 예림149","-","일반","세트","8200"
"필름 > 예림 필름","예림 인테리어필름 HN2001 솔리드콘크리트 그레이 예림138","-","일반","세트","8200"
"필름 > 예림 필름","예림 인테리어필름 HN2003","-","일반","세트","8200"
"필름 > 예림 필름","예림 인테리어필름 HN2009","-","일반","세트","7900"
"필름 > 예림 필름","예림 인테리어필름 HP506 화이트페인트 PW-01","-","일반","세트","7900"
"필름 > 예림 필름","예림 인테리어필름 HP508 웜그레이페인트 PW-03","-","일반","세트","7900"
"필름 > 예림 필름","예림 인테리어필름 HP521","-","일반","세트","8200"
"필름 > 예림 필름","예림 인테리어필름 HP522","-","일반","세트","8200"
"필름 > 예림 필름","예림 인테리어필름 HP523","-","일반","세트","8200"
"필름 > 예림 필름","예림 인테리어필름 HP524","-","일반","세트","8200"
"필름 > 예림 필름","예림 인테리어필름 HS002 유백 예림6","-","일반","세트","7900"
"필름 > 예림 필름","예림 인테리어필름 HS004 크림화이트 WA-06","-","일반","세트","7900"
"필름 > 예림 필름","예림 인테리어필름 HS005 밀크화이트 예림114","-","일반","세트","8200"
"필름 > 예림 필름","예림 인테리어필름 HS009 라이트그레이 예림141","-","일반","세트","7900"
"필름 > 예림 필름","예림 인테리어필름 HS013 차콜 예림113","-","일반","세트","7900"
"필름 > 예림 필름","예림 인테리어필름 HS036","-","일반","세트","8200"
"필름 > 예림 필름","예림 인테리어필름 HS046","-","일반","세트","7900"
"필름 > 예림 필름","예림 인테리어필름 HSM02 매트 밀크화이트","-","일반","세트","11000"
"필름 > 예림 필름","예림 인테리어필름 HSM03 매트 캐시미어","-","일반","세트","11000"
"필름 > 예림 필름","예림 인테리어필름 HSM21 매트 샌드그레이","-","일반","세트","11000"
"필름 > 예림 필름","예림 인테리어필름 HW1003 소프트워시오크(G4501) 예림100","-","일반","세트","7900"
"필름 > 예림 필름","예림 인테리어필름 HW1004 크림오크 예림85","-","일반","세트","7900"
"필름 > 예림 필름","예림 인테리어필름 HW1005 화인오크 예림80","-","일반","세트","18800"
"필름 > 예림 필름","예림 인테리어필름 HW1011 락메이플 WA-04","-","일반","세트","8200"
"필름 > 예림 필름","예림 인테리어필름 HW1016 프렌치오크 예림98","-","일반","세트","8200"
"필름 > 예림 필름","예림 인테리어필름 HW1019 오크마일드 예림134","-","일반","세트","7900"
"필름 > 예림 필름","예림 인테리어필름 HW1024 로열워시오크 예림10","-","일반","세트","7900"
"필름 > 예림 필름","예림 인테리어필름 HW1033 그레이오크 예림58","-","일반","세트","8200"
"필름 > 예림 필름","예림 인테리어필름 HW1035 워시애쉬 예림16","-","일반","세트","8200"
"필름 > 예림 필름","예림 인테리어필름 HW1036 콰트로브룩클린 세로결 WA-10","-","일반","세트","8200"
"필름 > 예림 필름","예림 인테리어필름 HW1040 콰트로시에나 세로결 WA-13","-","일반","세트","8200"
"필름 > 예림 필름","예림 인테리어필름 HW1052 애쉬브라운(G7302) 예림125","-","일반","세트","8200"
"필름 > 예림 필름","예림 인테리어필름 HW1056 로열월넛 예림68","-","일반","세트","8200"
"필름 > 예림 필름","예림 인테리어필름 HW1058 티크 예림46","-","일반","세트","8200"
"필름 > 예림 필름","예림 인테리어필름 HW1059 아카시아 예림43","-","일반","세트","7900"
"필름 > 예림 필름","예림 인테리어필름 HW1060 연월넛 예림12","-","일반","세트","7900"
"필름 > 예림 필름","예림 인테리어필름 HW1063","-","일반","세트","8200"
"필름 > 예림 필름","예림 인테리어필름 HW1064 오크딥(G5104) 예림135","-","일반","세트","8200"
"필름 > 예림 필름","예림 인테리어필름 HW1065","-","일반","세트","7900"
"필름 > 예림 필름","예림 인테리어필름 HW1073","-","일반","세트","8200"
"필름 > 예림 필름","예림 인테리어필름 HW1077","-","일반","세트","7900"
"필름 > 예림 필름","예림 인테리어필름 HWB1007 브룩시더 세로결 WA-05","-","일반","세트","7900"
"필름 > 예림 필름","예림 향균 인테리어필름 HC801 퓨어화이트 CL-01","-","일반","세트","7900"
"필름 > 예림 필름","예림 향균 인테리어필름 HC802 페일그레이 CL-02","-","일반","세트","7900"
"필름 > 예림 필름","예림 향균 인테리어필름 HL1852 스킨오크 CL-06","-","일반","세트","7900"
"필름 > 자재","예림 인테리어필름 HE403 소프트화이트 예림148","-","일반","M","7900"
"목자재 > 석고보드","시트랙 석고보드 3×6 (900×1800×9.5)","시트랙","일반","매","4700"
"목자재 > 석고보드","반수석고 3×6 (3×6×9T)","-","일반","매","7400"
"목자재 > 석고보드","일반석고 3×6 12.5T (3×6×12.5T)","-","일반","매","6400"
"목자재 > 단열재","그라스울 50T 28매 (50×450×1000)","-","일반","포","56000"
"목자재 > 각재","소송 다루끼 A급 (27×27×3600)","-","일반","속","39500"
"목자재 > 각재","소송 투바이 A급 (27×67×3600)","-","일반","속","42000"
"목자재 > 합판","강질합판 8.5T A급 (4×8×8.5T)","-","일반","매","26000"
"목자재 > 합판","강질합판 11.5T A급 (4×8×11.5T)","-","일반","매","33000"
"목자재 > 합판","일반합판 4.6T (4×8×4.6T)","-","일반","매","10500"
"목자재 > 합판","자작합판 B/BB 24T (1220×2440)","-","일반","매","119000"
"목자재 > 합판","자작합판 B/BB 12T (1220×2440)","-","일반","매","74000"
"목자재 > 합판","자작합판 B/BB 9T (1220×2440)","-","일반","매","61000"
"목자재 > 합판","일반합판 4.6T (4×8×4.6T) 상급","-","일반","매","13860"
"목공 > 타카핀","타카핀 422","-","일반","통","3800"
"목공 > 타카핀","타카핀 F20","-","일반","통","4500"
"목공 > 타카핀","타카핀 F30","-","일반","통","3900"
"목공 > 타카핀","타카핀 F50","-","일반","통","8700"
"목공 > 타카핀","타카핀 T50","-","일반","통","11500"
"목공 > 타카핀","타카핀 T57","-","일반","통","12000"
"목공 > 타카핀","타카핀 ST25","-","일반","통","5100"
"목공 > 타카핀","타카핀 ST38","-","일반","통","3800"
"목공 > 타카핀","타카핀 ST45","-","일반","통","4300"
"목공 > 타카핀","타카핀 DT64","-","일반","통","16500"
"목공 > 타카핀","실핀 615","-","일반","통","4800"
"목공 > 타카핀","실핀 625","-","일반","통","5100"
"목공 > 부자재","실리콘 백색","-","일반","개","2500"
"목공 > 부자재","반코팅장갑 (10개입)","-","일반","세트","2500"
"목공 > 부자재","PP마대 (신재)","-","일반","매","350"
"목자재 > 부자재","각 파이프 25×25 (25×25×2000)","-","일반","본","6000"
"목공 > 단열재","이보드 23T 도장용 (23×900×2400)","-","일반","매","23500"
"도어 > 도어","영림 백골 YA-07.45T (주문재모티스)","영림","일반","짝","172914"
"도어 > 도어","영림 백골 TA-04 스텝 (주문재모티스)","영림","일반","짝","118992"
"도어 > 도어부자재","이지경첩 실버","-","일반","개","3800"
"목자재 > MDF","MDF 9T (4×8×9T)","-","일반","매","12000"
"목자재 > MDF","MDF 12T (4×8×12T)","-","일반","매","17000"
"목자재 > MDF","MDF 18T (4×8×18T)","-","일반","매","25500"
"목자재 > MDF","MDF 9T 고밀도 (4×8×9T)","-","일반","매","17800"
"목자재 > MDF","MDF 12T 고밀도 (4×8×12T)","-","일반","매","21500"